,filename,actual,predicted,probability
0,aadlvezwah,0.0,1,1.0
1,abssjquwjy,0.0,1,1.0
2,adffjkqxhu,0.0,1,1.0
3,adxbfqfvry,0.0,1,1.0
4,aepnnpkscx,0.0,1,1.0
5,agsrndrnjg,0.0,1,1.0
6,ahiinegyte,0.0,1,1.0
7,ahrigbsxpt,0.0,1,1.0
8,ahwduszjzf,0.0,1,1.0
9,aitoprvlda,0.0,1,1.0
10,aldiaifkrb,1.0,1,1.0
11,anfktfudqe,1.0,1,1.0
12,anoehnostw,1.0,1,1.0
13,anorupqpeo,1.0,1,1.0
14,ansbtntiqu,1.0,1,1.0
15,anvdxkymap,1.0,1,1.0
16,appnpveszq,0.0,1,1.0
17,apscureryf,0.0,1,1.0
18,areepskxqp,0.0,1,1.0
19,asfmcylpjv,0.0,1,1.0
20,asiduvhsif,0.0,1,1.0
21,asjxofxzbd,0.0,1,1.0
22,aslwfdrdsz,0.0,1,1.0
23,ayxrucvgge,0.0,1,1.0
24,azhpzylusc,1.0,1,1.0
25,azmtgtivlm,1.0,1,1.0
26,azqmircfhx,1.0,1,1.0
27,bdfswhbxlh,1.0,1,1.0
28,bftgduqoct,1.0,1,1.0
29,bfwygztkfb,1.0,1,1.0
30,bmdmviwavq,1.0,1,1.0
31,bmvuyydzmd,1.0,1,1.0
32,bowlklfabb,0.0,1,1.0
33,bqfyfhzjxk,0.0,1,1.0
34,bvjjrsdevv,0.0,1,1.0
35,bvpxwjlkkg,0.0,1,1.0
36,bvugfvbvno,0.0,1,1.0
37,bwressutay,0.0,1,1.0
38,bxnsimvjlv,0.0,1,1.0
39,bxwfxlvwpc,0.0,1,1.0
40,bymyhfqxns,1.0,1,1.0
41,bzeovupukx,1.0,1,1.0
42,bziluffqhf,1.0,1,1.0
43,cbytidzegv,1.0,1,1.0
44,cdyyocuphu,1.0,1,1.0
45,chmgkgvsyp,1.0,1,1.0
46,ciafebevxq,1.0,1,1.0
47,citpcmlvpy,1.0,1,1.0
48,cjxcvdiaxj,0.0,1,1.0
49,ckgkmmgevx,0.0,1,1.0
50,cmhfwbgfrv,0.0,1,1.0
51,cmqryxvrjs,0.0,1,1.0
52,cnglddzyhs,0.0,1,1.0
53,coikhtewmt,0.0,1,1.0
54,cqcvtiijro,0.0,1,1.0
55,cswvrrtrfi,0.0,1,1.0
56,ctsoiluvvz,1.0,1,1.0
57,ctwygmbzpa,1.0,1,1.0
58,cundwodhjt,1.0,1,1.0
59,cxgsjamupo,1.0,1,1.0
60,dbexdostck,1.0,1,1.0
61,dbmpfxwtfw,1.0,1,1.0
62,ddqtkrkmjn,1.0,1,1.0
63,dgrmcxvcok,1.0,1,1.0
64,dhbbvqylfl,0.0,1,1.0
65,dhfxzbuooo,0.0,1,1.0
66,dicvhmhhkg,0.0,1,1.0
67,djylanzkqq,0.0,1,1.0
68,dkeisysdhq,0.0,1,1.0
69,dkjbpakqzz,0.0,1,1.0
70,dnrpknwija,0.0,1,1.0
71,drjaegjgvo,0.0,1,1.0
72,dsiirbwwyt,1.0,1,1.0
73,dufldddpbl,1.0,1,1.0
74,dwlrlopgxr,1.0,1,1.0
75,dykjyitsbn,1.0,1,1.0
76,dypesfpwyi,1.0,1,1.0
77,dzarqiebzh,1.0,1,1.0
78,dzpokpqpxr,1.0,1,1.0
79,eanubsjnbk,1.0,1,1.0
80,eawwblntbt,0.0,1,1.0
81,egvdzdcshe,0.0,1,1.0
82,egvfazotxc,0.0,1,1.0
83,ehrvldbien,0.0,1,1.0
84,ehxbhbvrew,0.0,1,1.0
85,ejngbwdvhz,0.0,1,1.0
86,ejyripvmvw,0.0,1,1.0
87,ekadmectsi,0.0,1,1.0
88,ekjbtuucpz,1.0,1,1.0
89,elwbzzkzse,1.0,1,1.0
90,epbajxjgjd,1.0,1,1.0
91,eqmiruoozl,1.0,1,1.0
92,etdmhqtodf,1.0,1,1.0
93,etmjgrudsp,1.0,1,1.0
94,eugskecitn,1.0,1,1.0
95,euzlhrwolz,1.0,1,1.0
96,eybdavkfzg,0.0,1,1.0
97,eyeqnbqamj,0.0,1,1.0
98,eyzrnbvgkn,0.0,1,1.0
99,fbbjoslxdy,0.0,1,1.0
100,fbpsnyylei,0.0,1,1.0
101,fepjqbsqbk,0.0,1,1.0
102,ffahlazvmr,0.0,1,1.0
103,fgpcrccxqp,0.0,1,1.0
104,fjajnnmytp,1.0,1,1.0
105,foxjgyoumr,1.0,1,1.0
106,fpcncmwzxf,1.0,1,1.0
107,fplpwwgmfq,1.0,1,1.0
108,ftdhdltxkx,1.0,1,1.0
109,fuenwqfltz,1.0,1,1.0
110,fukhunlqmn,1.0,1,1.0
111,fvennkzjbp,1.0,1,1.0
112,fxdvdnevdv,0.0,1,1.0
113,fzbdgzzopl,0.0,1,1.0
114,gbmxoyltlk,0.0,1,1.0
115,gcfpxweapn,0.0,1,1.0
116,gddbrecqpe,0.0,1,1.0
117,gdjavdzijx,0.0,1,1.0
118,gdpxgankmr,0.0,1,1.0
119,gemprmgqjx,0.0,1,1.0
120,getuajcsmb,1.0,1,1.0
121,gfblmjoqek,1.0,1,1.0
122,ggnxllgjnk,1.0,1,1.0
123,ghxzvovygq,1.0,1,1.0
124,giwdwlrvny,1.0,1,1.0
125,gjbzshswtg,1.0,1,1.0
126,gjsirkzrwe,1.0,1,1.0
127,gotowctiri,1.0,1,1.0
128,gpcdvhfoqj,0.0,1,1.0
129,gpskwigkxd,0.0,1,1.0
130,gqormdaoxq,0.0,1,1.0
131,grkspqjqfs,0.0,1,1.0
132,gvokuxhsbf,0.0,1,1.0
133,gvythshkdh,0.0,1,1.0
134,gwfemtpzik,0.0,1,1.0
135,gwqirctmea,0.0,1,1.0
136,gwqplejvnt,1.0,1,1.0
137,gxfrxcxgdf,1.0,1,1.0
138,gycrbqqnje,1.0,1,1.0
139,gyxeyzdwqf,1.0,1,1.0
140,gznswdsljq,1.0,1,1.0
141,halqwjayrq,1.0,1,1.0
142,hbjzuexpwy,1.0,1,1.0
143,hbvzvvykvz,1.0,1,1.0
144,heyhatzzxk,0.0,1,1.0
145,hfbhapgfuy,0.0,1,1.0
146,hftkxvybot,0.0,1,1.0
147,hhxaxylkgv,0.0,1,1.0
148,hhydadbbkf,0.0,1,1.0
149,hisbunqdch,0.0,1,1.0
150,hiskggmgtr,0.0,1,1.0
151,hjogpdlxaj,0.0,1,1.0
152,hkpnddtbel,1.0,1,1.0
153,hksigskmcb,1.0,1,1.0
154,hltqxlbmyl,1.0,1,1.0
155,hlzkuryxas,1.0,1,1.0
156,hmlghvqigt,1.0,1,1.0
157,hmmgmekvtn,1.0,1,1.0
158,houfasepzn,1.0,1,1.0
159,hspdmdjzod,1.0,1,1.0
160,htwegmqgqo,0.0,1,1.0
161,htzcbpevhf,0.0,1,1.0
162,hvgwvloonr,0.0,1,1.0
163,hxkbvntxub,0.0,1,1.0
164,iawjzttxsa,0.0,1,1.0
165,idfcmepusm,0.0,1,1.0
166,idwazgztax,0.0,1,1.0
167,iejlhussqv,0.0,1,1.0
168,ienlpkmwzd,1.0,1,1.0
169,ifafihagaj,1.0,1,1.0
170,iffvaaswwj,1.0,1,1.0
171,ifnmmnfljt,1.0,1,1.0
172,ifwummoaip,1.0,1,1.0
173,iiupjenuwg,1.0,1,1.0
174,ijgcwhjkua,1.0,1,1.0
175,ikdpkieeqa,1.0,1,1.0
176,ikpyxzpiiv,0.0,1,1.0
177,iownzvcdqv,0.0,1,1.0
178,ipeujcomet,0.0,1,1.0
179,iprvpwboni,0.0,1,1.0
180,irgceawdsw,0.0,1,1.0
181,irhtyxmpri,0.0,1,1.0
182,isvssecxnx,0.0,1,1.0
183,ithomhorcn,0.0,1,1.0
184,ivedywwuer,1.0,1,1.0
185,ivzeuhdezn,1.0,1,1.0
186,iydildurwm,1.0,1,1.0
187,iyxrjrtive,1.0,1,1.0
188,iyzhvnlukr,1.0,1,1.0
189,jbkrxgnynh,1.0,1,1.0
190,jfkzdpzwao,1.0,1,1.0
191,jgcsktyhif,1.0,1,1.0
192,jgpsgbqyop,0.0,1,1.0
193,jhkaevqfog,0.0,1,1.0
194,jjrytxhibf,0.0,1,1.0
195,jjxdqizecj,0.0,1,1.0
196,jkywubufbk,0.0,1,1.0
197,jlfltjblid,0.0,1,1.0
198,jmazwjebsu,0.0,1,1.0
199,joiansblwv,0.0,1,1.0
200,jrganooivc,1.0,1,1.0
201,jrltgiaqfy,1.0,1,1.0
202,jrzphugdyd,1.0,1,1.0
203,jskjkebmgf,1.0,1,1.0
204,jszyfkcsvb,1.0,1,1.0
205,juvcsunngk,1.0,1,1.0
206,jvezijjrcf,1.0,1,1.0
207,jvfpcokomj,1.0,1,1.0
208,jwodisvnmw,0.0,1,1.0
209,jzmdzmzxto,0.0,1,1.0
210,kboxqlwvqm,0.0,1,1.0
211,kbwquvelaz,0.0,1,1.0
212,kbwsksjqpy,0.0,1,1.0
213,kdpxsoquog,0.0,1,1.0
214,kdsebdrkyx,0.0,1,1.0
215,kffblwjwzt,0.0,1,1.0
216,kgvtpnauwc,1.0,1,1.0
217,kidyoyklcg,1.0,1,1.0
218,kjgtiagnsq,1.0,1,1.0
219,kkvktewfvj,1.0,1,1.0
220,kmlpekvpuf,1.0,1,1.0
221,kulozbyxnt,1.0,1,1.0
222,kvldmtznjx,1.0,1,1.0
223,kwdvxqigls,1.0,1,1.0
224,kxlxizoohe,0.0,1,1.0
225,kygmgbcrjg,0.0,1,1.0
226,kzbbizohjj,0.0,1,1.0
227,kzhtepvrif,0.0,1,1.0
228,lbryesqbhr,0.0,1,1.0
229,lfnvgnmsxx,0.0,1,1.0
230,lfvpvqaqmn,0.0,1,1.0
231,lgkageagiy,0.0,1,1.0
232,lhhqmvyaax,1.0,1,1.0
233,likyruhpjb,1.0,1,1.0
234,ljojbxpqzb,1.0,1,1.0
235,ljrgrzikxi,1.0,1,1.0
236,ljtadkfwvm,1.0,1,1.0
237,lkkdxlvtiq,1.0,1,1.0
238,lnfgnieebi,1.0,1,1.0
239,lnkgjipbwo,1.0,1,1.0
240,losgqyhukq,0.0,1,1.0
241,lpdnbezgsg,0.0,1,1.0
242,lpmkksszis,0.0,1,1.0
243,lprhmbssgf,0.0,1,1.0
244,lpxxwxtwqb,0.0,1,1.0
245,lqkyroubqx,0.0,1,1.0
246,lrarrrhuig,0.0,1,1.0
247,lrayvgnluh,0.0,1,1.0
248,lrpjtzwsdt,1.0,1,1.0
249,lvjtgjhrft,1.0,1,1.0
250,lvmgoqfqha,1.0,1,1.0
251,lvzaifdcio,1.0,1,1.0
252,lwaavueeng,1.0,1,1.0
253,lxtkcgrkhb,1.0,1,1.0
254,lzxaunichq,1.0,1,1.0
255,mbikhzndpo,1.0,1,1.0
256,mctatxfyfv,0.0,1,1.0
257,mcwxaubcjg,0.0,1,1.0
258,mffzfcimih,0.0,1,1.0
259,mgcqoynhne,0.0,1,1.0
260,mhlqhnuycn,0.0,1,1.0
261,miiocrddnj,0.0,1,1.0
262,mitjzudefb,0.0,1,1.0
263,mjxsrxxxkc,0.0,1,1.0
264,mkgrjszxiz,1.0,1,1.0
265,mmthpnegeq,1.0,1,1.0
266,mnbixddevd,1.0,1,1.0
267,monatxmsbm,1.0,1,1.0
268,mphsgertmm,1.0,1,1.0
269,mrlwazwhol,1.0,1,1.0
270,msgybbtiao,1.0,1,1.0
271,mssqywmizl,1.0,1,1.0
272,muetyerlvf,0.0,1,1.0
273,muhnoxbtjm,0.0,1,1.0
274,muksyyltmg,0.0,1,1.0
275,muonplikax,0.0,1,1.0
276,mvswfbqmss,0.0,1,1.0
277,mwdbajzshb,0.0,1,1.0
278,mxzuznbuki,0.0,1,1.0
279,myqvmmihrz,0.0,1,1.0
280,nahczkoide,1.0,1,1.0
281,naprwzpwfo,1.0,1,1.0
282,naqwmmjjva,1.0,1,1.0
283,nbjtqxnzet,1.0,1,1.0
284,nbyqlvfykh,1.0,1,1.0
285,nctpxcrfcf,1.0,1,1.0
286,nfixlbjpxh,1.0,1,1.0
287,nfsvuvaxhh,1.0,1,1.0
288,nhodgljvbd,0.0,1,1.0
289,nhrfdwucfz,0.0,1,1.0
290,nhsjaoognc,0.0,1,1.0
291,nhzjxfptjw,0.0,1,1.0
292,nigebvgmga,0.0,1,1.0
293,njqunjobbq,0.0,1,1.0
294,njrwiabeix,0.0,1,1.0
295,nolmsgsvxh,0.0,1,1.0
296,nouyhrlkiw,1.0,1,1.0
297,nrjoluntfh,1.0,1,1.0
298,nrqytqtuox,1.0,1,1.0
299,nvrpkmwvww,1.0,1,1.0
300,nwcsggseqf,1.0,1,1.0
301,nydkdimatv,1.0,1,1.0
302,nynxvndtpx,1.0,1,1.0
303,oawcfkqawo,1.0,1,1.0
304,obipnqrddi,0.0,1,1.0
305,obpxzorkar,0.0,1,1.0
306,obtsmtqpec,0.0,1,1.0
307,oczfynmyoe,0.0,1,1.0
308,odtwsblwwa,0.0,1,1.0
309,oeicqiobub,0.0,1,1.0
310,ofzvznbcru,0.0,1,1.0
311,oiqwlkguhj,0.0,1,1.0
312,okfinkhovh,1.0,1,1.0
313,olpoagoucj,1.0,1,1.0
314,olxfrrwxek,1.0,1,1.0
315,omkaqwosqj,1.0,1,1.0
316,omqmuozzld,1.0,1,1.0
317,oofldkgyns,1.0,1,1.0
318,oowtouyugr,1.0,1,1.0
319,oowxwfiiid,1.0,1,1.0
320,orcapomjaz,0.0,1,1.0
321,osvztqvsvv,0.0,1,1.0
322,oubgmkozqz,0.0,1,1.0
323,ovpbznkgev,0.0,1,1.0
324,owjyquhmis,0.0,1,1.0
325,oykcgkszaa,0.0,1,1.0
326,ozxnlkagvs,0.0,1,1.0
327,paervsnozl,0.0,1,1.0
328,paqwsoroqe,1.0,1,1.0
329,pbpgyiimwt,1.0,1,1.0
330,pczrmlkgus,1.0,1,1.0
331,pfffjetpqf,1.0,1,1.0
332,pfhpjrqgto,1.0,1,1.0
333,pizdihetet,1.0,1,1.0
334,pjakuvwipq,1.0,1,1.0
335,pjzyiquxuh,1.0,1,1.0
336,pkfdrbkahq,0.0,1,1.0
337,pkptlhovpd,0.0,1,1.0
338,pkubgafsaa,0.0,1,1.0
339,pmpdirnxaj,0.0,1,1.0
340,pmuuqbvylu,0.0,1,1.0
341,pncqrfxnmy,0.0,1,1.0
342,pnptubzyld,0.0,1,1.0
343,ppflfxmjhj,0.0,1,1.0
344,prkkrkplmz,1.0,1,1.0
345,ptkofkgpvk,1.0,1,1.0
346,puekyxazbi,1.0,1,1.0
347,pzlnfgsbnx,1.0,1,1.0
348,qbwxjdzjra,1.0,1,1.0
349,qdcxpoyoib,1.0,1,1.0
350,qeidrdoowl,1.0,1,1.0
351,qeyheaxmpv,1.0,1,1.0
352,qgqcngfzat,0.0,1,1.0
353,qihliclcso,0.0,1,1.0
354,qjntsyyzxg,0.0,1,1.0
355,qjwomijmcb,0.0,1,1.0
356,qlgpeknfxl,0.0,1,1.0
357,qmdqgeienp,0.0,1,1.0
358,qocxdsvjka,0.0,1,1.0
359,qodskintkl,0.0,1,1.0
360,qqradmkuzc,1.0,1,1.0
361,qttorxqiub,1.0,1,1.0
362,quagmkdjgn,1.0,1,1.0
363,quecyuklcq,1.0,1,1.0
364,qvuxdpygaa,1.0,1,1.0
365,qwlwixugzd,1.0,1,1.0
366,qytjmqkfhh,1.0,1,1.0
367,qzebexdvck,1.0,1,1.0
368,raclbaeprc,0.0,1,1.0
369,rahsswuhlc,0.0,1,1.0
370,rarkumvdhu,0.0,1,1.0
371,rembcffwwi,0.0,1,1.0
372,resjnmbtch,0.0,1,1.0
373,reupqrdjos,0.0,1,1.0
374,rfddyxijhx,0.0,1,1.0
375,rgkpiojsoh,0.0,1,1.0
376,rgvtnmbkvy,1.0,1,1.0
377,rjxdjiaefw,1.0,1,1.0
378,ropvlealpl,1.0,1,1.0
379,rpstspiseo,1.0,1,1.0
380,rrjknxseqv,1.0,1,1.0
381,rscmyngnqt,1.0,1,1.0
382,rsuoaccoph,1.0,1,1.0
383,rttqevnyox,1.0,1,1.0
384,rullulnzec,0.0,1,1.0
385,ruqhnpqsyc,0.0,1,1.0
386,rvyvuuvdxs,0.0,1,1.0
387,rysbdspwgl,0.0,1,1.0
388,samuncdmgn,0.0,1,1.0
389,sbfmvdmxhh,0.0,1,1.0
390,shfyavkpqz,0.0,1,1.0
391,skbpwareru,0.0,1,1.0
392,skuvjoyukn,1.0,1,1.0
393,slcbbolzap,1.0,1,1.0
394,snbzzyhnpz,1.0,1,1.0
395,snqpxfecxh,1.0,1,1.0
396,sokjtnswzn,1.0,1,1.0
397,spflqgvyes,1.0,1,1.0
398,spkpqwhhdt,1.0,1,1.0
399,spvdhwscww,1.0,1,1.0
400,spzfqirkzv,0.0,1,1.0
401,sqnowaadwp,0.0,1,1.0
402,srfaqcxnea,0.0,1,1.0
403,stesvfctgg,0.0,1,1.0
404,svcwwctrlb,0.0,1,1.0
405,swsaoktwgi,0.0,1,1.0
406,swvosiirrn,0.0,1,1.0
407,sxcamjmdcl,0.0,1,1.0
408,sxfmhtwazr,1.0,1,1.0
409,tanwdhezve,1.0,1,1.0
410,tatfoivceq,1.0,1,1.0
411,tbahawsjhe,1.0,1,1.0
412,tbkkoshzld,1.0,1,1.0
413,tcxjzbiahc,1.0,1,1.0
414,tdfieeqwfg,1.0,1,1.0
415,tdlkuzkzuo,1.0,1,1.0
416,tirisncdwc,0.0,1,1.0
417,tjjruxwtip,0.0,1,1.0
418,tjqjumumjm,0.0,1,1.0
419,tkpnnjqryo,0.0,1,1.0
420,tlmkyzhliw,0.0,1,1.0
421,tmfpjfuyzh,0.0,1,1.0
422,tqxxjgaudi,0.0,1,1.0
423,tspxsnmgvn,0.0,1,1.0
424,tsxuijektx,1.0,1,1.0
425,tvhqrnwctp,1.0,1,1.0
426,twniwdmspv,1.0,1,1.0
427,txrzsutbun,1.0,1,1.0
428,tyqbfidphg,1.0,1,1.0
429,tzqbhtvflg,1.0,1,1.0
430,tzqhgawmxh,1.0,1,1.0
431,uavcnuldga,1.0,1,1.0
432,ublfumrjsq,0.0,1,1.0
433,ubsmsgyakt,0.0,1,1.0
434,udpvsbvwew,0.0,1,1.0
435,ufekrzhfrw,0.0,1,1.0
436,ugvnbpkqie,0.0,1,1.0
437,ukhqtirecl,0.0,1,1.0
438,uldxllxtkm,0.0,1,1.0
439,umoijebzjp,0.0,1,1.0
440,uoccaiathd,1.0,1,1.0
441,uqjwtcmhek,1.0,1,1.0
442,uqxtcfebga,1.0,1,1.0
443,usbnyondzf,1.0,1,1.0
444,usmbitsezo,1.0,1,1.0
445,utvuhdghsm,1.0,1,1.0
446,uvccplpsoe,1.0,1,1.0
447,uvxgxixgmy,1.0,1,1.0
448,uweunfixll,0.0,1,1.0
449,uxkxebqquf,0.0,1,1.0
450,uzqbjsggyc,0.0,1,1.0
451,uzrnrvxyiy,0.0,1,1.0
452,vacmivsdsr,0.0,1,1.0
453,vbdxszxpvs,0.0,1,1.0
454,vdvmegmkoh,0.0,1,1.0
455,vevbgrnncl,0.0,1,1.0
456,vfkopjopor,1.0,1,1.0
457,vgcknnpsbf,1.0,1,1.0
458,vifhvtsavf,1.0,1,1.0
459,vkqhhredbo,1.0,1,1.0
460,vlgldlsucz,1.0,1,1.0
461,vmjmvdimji,1.0,1,1.0
462,vqarlbcqlc,1.0,1,1.0
463,vqkdmyxdmh,1.0,1,1.0
464,vrkjaeqbsb,0.0,1,1.0
465,vtmoswnygl,0.0,1,1.0
466,vuoovoksff,0.0,1,1.0
467,vwdptyvlhz,0.0,1,1.0
468,vxxcreqosa,0.0,1,1.0
469,vyawcaqsef,0.0,1,1.0
470,vyoygeuwop,0.0,1,1.0
471,vzlnetywmn,0.0,1,1.0
472,waofmzjaei,1.0,1,1.0
473,wcjudtkzab,1.0,1,1.0
474,wdamflywsr,1.0,1,1.0
475,wdwiasclid,1.0,1,1.0
476,wffenwrkeq,1.0,1,1.0
477,wfnfelbxnz,1.0,1,1.0
478,wfovmbxkor,1.0,1,1.0
479,wfxxvzswfg,1.0,1,1.0
480,whdwipuosf,0.0,1,1.0
481,whfdwsqmrt,0.0,1,1.0
482,wlddznsbmi,0.0,1,1.0
483,wleeubnujw,0.0,1,1.0
484,wmhwkmotxr,0.0,1,1.0
485,wraazgrbuh,0.0,1,1.0
486,wrundxbxwx,0.0,1,1.0
487,wtbnhgpjcz,0.0,1,1.0
488,wvgeaycdab,1.0,1,1.0
489,wwagqraavr,1.0,1,1.0
490,wwjbhplvds,1.0,1,1.0
491,wwvwoppudl,1.0,1,1.0
492,wxiboojdnq,1.0,1,1.0
493,wxiuwgrqwt,1.0,1,1.0
494,wzfkdecodn,1.0,1,1.0
495,wzjhfrnesf,1.0,1,1.0
496,wzzhfcpvxf,0.0,1,1.0
497,xbjcuqhwgc,0.0,1,1.0
498,xehhtcrdes,0.0,1,1.0
499,xfuhudhfel,0.0,1,1.0
500,xgjudwhebz,0.0,1,1.0
501,xgxvkedjhr,0.0,1,1.0
502,xhqtvlnwrf,0.0,1,1.0
503,xihezvabxa,0.0,1,1.0
504,xiydrffydd,1.0,1,1.0
505,xmgbsslszp,1.0,1,1.0
506,xnevdkbmkd,1.0,1,1.0
507,xpedyhitul,1.0,1,1.0
508,xrbomeyefg,1.0,1,1.0
509,xrivgtqgyg,1.0,1,1.0
510,xsseowifxw,1.0,1,1.0
511,xtohlpjxcs,1.0,1,1.0
512,xuoiogtjmp,0.0,1,1.0
513,ybpsqaindb,0.0,1,1.0
514,ybrebzqrhp,0.0,1,1.0
515,ycqxwzrorr,0.0,1,1.0
516,ydmteqpjpe,0.0,1,1.0
517,yekkkfuhqn,0.0,1,1.0
518,yglfjvsaqx,0.0,1,1.0
519,ygmahkbjxe,0.0,1,1.0
520,yimqkeekjm,1.0,1,1.0
521,yjrtfnlnlx,1.0,1,1.0
522,yldthdjgsg,1.0,1,1.0
523,ylrcrtupec,1.0,1,1.0
524,ylzraxqvxa,1.0,1,1.0
525,ymifmtmhzf,1.0,1,1.0
526,yneeguhhlb,1.0,1,1.0
527,yqzwnxmbbt,1.0,1,1.0
528,yroscbkzmd,0.0,1,1.0
529,yrotnpazhr,0.0,1,1.0
530,ytoghswfjl,0.0,1,1.0
531,ywpzfjnbjm,0.0,1,1.0
532,yxikjofijo,0.0,1,1.0
533,yyotrobeci,0.0,1,1.0
534,yzzvllabdq,0.0,1,1.0
535,zanufvvcjy,0.0,1,1.0
536,zavafvausw,1.0,1,1.0
537,zboshbutob,1.0,1,1.0
538,zcjgvamtzz,1.0,1,1.0
539,zdsnvypbbu,1.0,1,1.0
540,zhjkgdxdvv,1.0,1,1.0
541,zjztvgpyhd,1.0,1,1.0
542,znetakpeno,1.0,1,1.0
543,zordaleopf,1.0,1,1.0
544,zoumlvcxvv,0.0,1,1.0
545,zpktwkzmim,0.0,1,1.0
546,zqalfdiyeg,0.0,1,1.0
547,zrdokptoor,0.0,1,1.0
548,zsfpyhgxmg,0.0,1,1.0
549,zwtlnvggvv,0.0,1,1.0
550,acydhcvpnx,0.0,1,1.0
551,addknoverp,0.0,1,1.0
552,aeeigmpocb,1.0,1,1.0
553,aezagrnzdz,1.0,1,1.0
554,afxtastwkm,1.0,1,1.0
555,agaxevrqio,1.0,1,1.0
556,agbgwqacac,1.0,1,1.0
557,ahngpfavrr,1.0,1,1.0
558,ahsogiihuz,1.0,1,1.0
559,akcijmdkaq,1.0,1,1.0
560,anndvqgoko,0.0,1,1.0
561,apvzjkvnwn,0.0,1,1.0
562,aqfytexxbl,0.0,1,1.0
563,aqjtpksesv,0.0,1,1.0
564,aqjwkkbklt,0.0,1,1.0
565,aqlwusgzbf,0.0,1,1.0
566,aqyvunegbf,0.0,1,1.0
567,arvqnhhwpm,0.0,1,1.0
568,asaznagkeg,1.0,1,1.0
569,asfqfdvrjj,1.0,1,1.0
570,aszdwxqtnb,1.0,1,1.0
571,atngszfenm,1.0,1,1.0
572,avujxrubzm,1.0,1,1.0
573,awihhtzuen,1.0,1,1.0
574,awkvatcshx,1.0,1,1.0
575,awqlgqazkz,1.0,1,1.0
576,axqoxnsewc,0.0,1,1.0
577,axulmlkufx,0.0,1,1.0
578,aymwgrmlbt,0.0,1,1.0
579,bafktkorci,0.0,1,1.0
580,bcajvxttuv,0.0,1,1.0
581,beoeofnqpa,0.0,1,1.0
582,bgycggxsky,0.0,1,1.0
583,bhbdbhcqlh,0.0,1,1.0
584,bhgjhzlage,1.0,1,1.0
585,bihdarejma,1.0,1,1.0
586,bixvunsrsj,1.0,1,1.0
587,bkcyglmfci,1.0,1,1.0
588,bksgspsokf,1.0,1,1.0
589,bnanycsmiw,1.0,1,1.0
590,bqddiaxzhj,1.0,1,1.0
591,brfdijfgph,1.0,1,1.0
592,brqcongpqi,0.0,1,1.0
593,brwnebfnea,0.0,1,1.0
594,bskakfwghd,0.0,1,1.0
595,bwlswdbfwv,0.0,1,1.0
596,byipklfpep,0.0,1,1.0
597,byqugsmtxr,0.0,1,1.0
598,bzjihidtqo,0.0,1,1.0
599,caqmcpipgz,0.0,1,1.0
600,cczcxkrrnj,1.0,1,1.0
601,cczdxtweqv,1.0,1,1.0
602,cdgrttukjn,1.0,1,1.0
603,ceiwazlque,1.0,1,1.0
604,cfgotyucqv,1.0,1,1.0
605,chfkrpvgnz,1.0,1,1.0
606,chqosjqjus,1.0,1,1.0
607,cioqvqngku,1.0,1,1.0
608,ciyqhbpbry,0.0,1,1.0
609,clflarcjlk,0.0,1,1.0
610,comlodmqnt,0.0,1,1.0
611,cpiztwrcqk,0.0,1,1.0
612,cqfxgyotpv,0.0,1,1.0
613,crvepxiplb,0.0,1,1.0
614,cxcqexahml,0.0,1,1.0
615,cxobtfqqqo,0.0,1,1.0
616,cxwvzubmaw,1.0,1,1.0
617,cygncccjph,1.0,1,1.0
618,cznwglxzxz,1.0,1,1.0
619,czzfgvkhah,1.0,1,1.0
620,dardkjawbf,1.0,1,1.0
621,dblsgankdl,1.0,1,1.0
622,dbskpnukgs,1.0,1,1.0
623,ddtbarpcgo,1.0,1,1.0
624,dhtwqllwch,0.0,1,1.0
625,dkjxtelpyg,0.0,1,1.0
626,dkntaifhkt,0.0,1,1.0
627,dlnlmwpeim,0.0,1,1.0
628,dmwmhxvlfq,0.0,1,1.0
629,dnhhjzvbkh,0.0,1,1.0
630,dotnqbskng,0.0,1,1.0
631,dpcsinlpgj,0.0,1,1.0
632,dpilxkugfs,1.0,1,1.0
633,drjdwfbmod,1.0,1,1.0
634,dsnxgrfdmd,1.0,1,1.0
635,dstibundsx,1.0,1,1.0
636,dsxmpdwjjq,1.0,1,1.0
637,dtvlwkzhwb,1.0,1,1.0
638,dvtpwatuja,1.0,1,1.0
639,dwuyuvtbcs,1.0,1,1.0
640,dxebretfjb,0.0,1,1.0
641,dxmqsnzlbh,0.0,1,1.0
642,dxqhwtxwat,0.0,1,1.0
643,ecblkidyfd,0.0,1,1.0
644,eclxonfxph,0.0,1,1.0
645,eerhmzaebh,0.0,1,1.0
646,egghreippu,0.0,1,1.0
647,ehxxmfftom,0.0,1,1.0
648,eimjakthpp,1.0,1,1.0
649,eiofpijvxq,1.0,1,1.0
650,ekelfsnqof,1.0,1,1.0
651,ekvwecwltj,1.0,1,1.0
652,elsxqxzbtk,1.0,1,1.0
653,engsjjoxfe,1.0,1,1.0
654,eovnbckyyh,1.0,1,1.0
655,eppyqpgewp,1.0,1,1.0
656,eqdevfaapb,0.0,1,1.0
657,eqrqiddmsp,0.0,1,1.0
658,euopwhixuv,0.0,1,1.0
659,ewkakfpqmw,0.0,1,1.0
660,ewppusxdih,0.0,1,1.0
661,eyguqfmgzh,0.0,1,1.0
662,eyscmmobpw,0.0,1,1.0
663,eyvsgkwrkj,0.0,1,1.0
664,fbuqknpnpx,1.0,1,1.0
665,fcmbekeioj,1.0,1,1.0
666,fddawzxdkg,1.0,1,1.0
667,fdrrchsbbc,1.0,1,1.0
668,fhaoftrpul,1.0,1,1.0
669,fhioksfycd,1.0,1,1.0
670,fhonpnpnls,1.0,1,1.0
671,fkeepspvps,1.0,1,1.0
672,fluvmfflqo,0.0,1,1.0
673,fnhtrjggdb,0.0,1,1.0
674,fnzozvyxsq,0.0,1,1.0
675,fojhncadwb,0.0,1,1.0
676,fpqcxcbiqr,0.0,1,1.0
677,fratowhttl,0.0,1,1.0
678,frczmdfzza,0.0,1,1.0
679,fsoanljfmx,0.0,1,1.0
680,ftxkyhpuyp,1.0,1,1.0
681,ftxogbjujn,1.0,1,1.0
682,fuusxfhmrc,1.0,1,1.0
683,fwdoyacnai,1.0,1,1.0
684,fwiyjcfwta,1.0,1,1.0
685,fxeuoygimr,1.0,1,1.0
686,fyyyoslpgo,1.0,1,1.0
687,fzvpbrzssi,1.0,1,1.0
688,gcbpjyjhpy,0.0,1,1.0
689,gdhtrbgmql,0.0,1,1.0
690,gexfmyynda,0.0,1,1.0
691,gfqzxjhxrh,0.0,1,1.0
692,gjgqtllwqz,0.0,1,1.0
693,gkgyuginbd,0.0,1,1.0
694,gkywixmdxk,0.0,1,1.0
695,gnmmhlbzge,0.0,1,1.0
696,gtpbsniqon,1.0,1,1.0
697,gtsusawepa,1.0,1,1.0
698,gurkxerekr,1.0,1,1.0
699,gvpqgtsuyh,1.0,1,1.0
700,gvuvdhzcqu,1.0,1,1.0
701,gwpgbowzye,1.0,1,1.0
702,gyluavwkij,1.0,1,1.0
703,hagwpqirru,1.0,1,1.0
704,hajgwuytzh,0.0,1,1.0
705,hckcqdqodd,0.0,1,1.0
706,hcpxaobnjr,0.0,1,1.0
707,hexyjykhvk,0.0,1,1.0
708,hgcqdpagpw,0.0,1,1.0
709,hgqqwuqrlm,0.0,1,1.0
710,hhckrgehwt,0.0,1,1.0
711,hjhdhumvod,0.0,1,1.0
712,hjzwbsmiam,1.0,1,1.0
713,hkoxvelxxh,1.0,1,1.0
714,hmvwpvnyco,1.0,1,1.0
715,hpumfhgpxr,1.0,1,1.0
716,hpvtzjjykw,1.0,1,1.0
717,hrifyziwgp,1.0,1,1.0
718,hrvqzjmsxh,1.0,1,1.0
719,hsrqdsatqm,1.0,1,1.0
720,iahkeegnay,0.0,1,1.0
721,iakjjcavlp,0.0,1,1.0
722,ibcmlunspy,0.0,1,1.0
723,icffpvvtnu,0.0,1,1.0
724,ifwkpaxoye,0.0,1,1.0
725,iggixplyqf,0.0,1,1.0
726,igwapcnsbb,0.0,1,1.0
727,ihspovngfo,0.0,1,1.0
728,ikssyqwtzq,1.0,1,1.0
729,ilvmgunkie,1.0,1,1.0
730,ipolpruzgf,1.0,1,1.0
731,iysvczmsms,1.0,1,1.0
732,izanyxbfrw,1.0,1,1.0
733,izrmjvjyxi,1.0,1,1.0
734,jbaqarlltp,1.0,1,1.0
735,jbdmfjnsup,1.0,1,1.0
736,jecaspvwdx,0.0,1,1.0
737,jfxvohewqu,0.0,1,1.0
738,jglbxlgwvj,0.0,1,1.0
739,jinawwgxls,0.0,1,1.0
740,jiswxuqzyz,0.0,1,1.0
741,jjkfvegcnx,0.0,1,1.0
742,jjxwsknwdx,0.0,1,1.0
743,jkonwkrhqp,0.0,1,1.0
744,jkxytjgrlj,1.0,1,1.0
745,jmmrrmjjhc,1.0,1,1.0
746,jnnotoakjb,1.0,1,1.0
747,jnxyfopyfq,1.0,1,1.0
748,jpnothtwkv,1.0,1,1.0
749,juryperlig,1.0,1,1.0
750,juzryqckqi,1.0,1,1.0
751,jvysoqvize,1.0,1,1.0
752,jwpycdnsxs,0.0,1,1.0
753,jyfvaequfg,0.0,1,1.0
754,jzbxqjnzoi,0.0,1,1.0
755,kabkawqwns,0.0,1,1.0
756,kamfcfhmnh,0.0,1,1.0
757,kapzkxdgqb,0.0,1,1.0
758,kbtgialpme,0.0,1,1.0
759,kclfhzfwpn,0.0,1,1.0
760,kdvcexakou,1.0,1,1.0
761,kerpokjmkf,1.0,1,1.0
762,kfxbhftgld,1.0,1,1.0
763,kfywgjbkdg,1.0,1,1.0
764,kggbciadwj,1.0,1,1.0
765,khhsscplrp,1.0,1,1.0
766,khybkobcmj,1.0,1,1.0
767,kikkklixzf,1.0,1,1.0
768,kizkjspwyf,0.0,1,1.0
769,kjyjavqbsn,0.0,1,1.0
770,kmrvujlwmf,0.0,1,1.0
771,kmvsuicqeu,0.0,1,1.0
772,knkhspjotx,0.0,1,1.0
773,kscgfownjj,0.0,1,1.0
774,kviesaqfdo,0.0,1,1.0
775,kwqdmpmiok,0.0,1,1.0
776,kxppqyujvj,1.0,1,1.0
777,lbgnipxpnx,1.0,1,1.0
778,lbigytrrtr,1.0,1,1.0
779,lbsyjisaod,1.0,1,1.0
780,lcmlketlhl,1.0,1,1.0
781,lctgltfsnu,1.0,1,1.0
782,lcyfeiefju,1.0,1,1.0
783,ldhnbuppfy,1.0,1,1.0
784,leospsirmn,0.0,1,1.0
785,lgzfdmimms,0.0,1,1.0
786,lhwpsnzmah,0.0,1,1.0
787,ljwiegeffl,0.0,1,1.0
788,lkvpwhhelv,0.0,1,1.0
789,llagpqxcma,0.0,1,1.0
790,lmgbrxnyjk,0.0,1,1.0
791,lmoxouwpfi,0.0,1,1.0
792,lnjchxojri,1.0,1,1.0
793,locbylfkoh,1.0,1,1.0
794,lqcotpccag,1.0,1,1.0
795,lsaiadoutq,1.0,1,1.0
796,luqtkjkmye,1.0,1,1.0
797,luynogpajn,1.0,1,1.0
798,lxfrifiujz,1.0,1,1.0
799,lxswrmqcpw,1.0,1,1.0
800,lyrrkgagxb,0.0,1,1.0
801,lznqagzwyk,0.0,1,1.0
802,matmepwiel,0.0,1,1.0
803,mbgwfdosas,0.0,1,1.0
804,mbmiuwgixg,0.0,1,1.0
805,mbxblocpyw,0.0,1,1.0
806,mewjnesaix,0.0,1,1.0
807,mfhqonawni,0.0,1,1.0
808,mguicjhxmq,1.0,1,1.0
809,mhpavogfxb,1.0,1,1.0
810,mhvphnquoh,1.0,1,1.0
811,mimxcyfnpj,1.0,1,1.0
812,mjzmlmeamj,1.0,1,1.0
813,mkmgcxaztt,1.0,1,1.0
814,mlfbccdtoy,1.0,1,1.0
815,mrgmchwvfk,1.0,1,1.0
816,mtnahwfzjr,0.0,1,1.0
817,mttjelpgma,0.0,1,1.0
818,mueekicuyv,0.0,1,1.0
819,mugpedpwbl,0.0,1,1.0
820,mulzcbwjni,0.0,1,1.0
821,mzbsxfndjp,0.0,1,1.0
822,mzjhuztfed,0.0,1,1.0
823,nbnipejygk,0.0,1,1.0
824,ncvtgryovd,1.0,1,1.0
825,ndaetluhcr,1.0,1,1.0
826,nddepqnpvd,1.0,1,1.0
827,nfhriyhtji,1.0,1,1.0
828,ngvcqxjhyb,1.0,1,1.0
829,nhdirtckat,1.0,1,1.0
830,nkjewulqox,1.0,1,1.0
831,nliawulyhm,1.0,1,1.0
832,nlktemafjx,0.0,1,1.0
833,nnfgkpbpgy,0.0,1,1.0
834,nnqfwqrcov,0.0,1,1.0
835,nonwqkyict,0.0,1,1.0
836,npajtovoyr,0.0,1,1.0
837,nskdiscpzc,0.0,1,1.0
838,nswtvttxre,0.0,1,1.0
839,ntwedxqpnx,0.0,1,1.0
840,nvifyzaqrn,1.0,1,1.0
841,nweufafotd,1.0,1,1.0
842,nwzrdkxhql,1.0,1,1.0
843,obozirvzxd,1.0,1,1.0
844,ocfiyleaic,1.0,1,1.0
845,ocgdbrgmtq,1.0,1,1.0
846,oecgmnxbjv,1.0,1,1.0
847,ojbnddjuzy,1.0,1,1.0
848,ojitvwmijd,0.0,1,1.0
849,olqshoikjs,0.0,1,1.0
850,onavgkayge,0.0,1,1.0
851,oobeaklccb,0.0,1,1.0
852,oocincvedt,0.0,1,1.0
853,opzchpdtfl,0.0,1,1.0
854,owoolnkcpn,0.0,1,1.0
855,ozdzhknikx,0.0,1,1.0
856,papoalwbmv,1.0,1,1.0
857,pbfpmtiaxt,1.0,1,1.0
858,pcemgkfqgn,1.0,1,1.0
859,pdgzsvxvht,1.0,1,1.0
860,pdswwyyntw,1.0,1,1.0
861,phsqksnojy,1.0,1,1.0
862,phvzvwsxtx,1.0,1,1.0
863,pijlvgtdke,1.0,1,1.0
864,piztvphixe,0.0,1,1.0
865,pjciuhedrj,0.0,1,1.0
866,pkdhnsrrwz,0.0,1,1.0
867,pkjmnwfcig,0.0,1,1.0
868,pkzawancce,0.0,1,1.0
869,plboestduy,0.0,1,1.0
870,pllyywolvy,0.0,1,1.0
871,pmbqvlqhhl,0.0,1,1.0
872,ppsyprbsby,1.0,1,1.0
873,prdrojamhn,1.0,1,1.0
874,prwsdpvgvk,1.0,1,1.0
875,psesikjaxx,1.0,1,1.0
876,psjfwjzrrh,1.0,1,1.0
877,pupojdyqlw,1.0,1,1.0
878,pxcfrszlgi,1.0,1,1.0
879,pxrhjlzird,1.0,1,1.0
880,pxzomoqglb,0.0,1,1.0
881,pywkcnaknk,0.0,1,1.0
882,pzkvwtadta,0.0,1,1.0
883,pzliwprbii,0.0,1,1.0
884,qalidvxrjo,0.0,1,1.0
885,qbruydwzcc,0.0,1,1.0
886,qdofrrdnim,0.0,1,1.0
887,qefqgbtfhk,0.0,1,1.0
888,qethauxnwk,1.0,1,1.0
889,qfhmrgssju,1.0,1,1.0
890,qhfjujfrio,1.0,1,1.0
891,qhkzlnzruj,1.0,1,1.0
892,qhwxovphvx,1.0,1,1.0
893,qipuoiuveu,1.0,1,1.0
894,qiwzqperke,1.0,1,1.0
895,qiyzfjrloz,1.0,1,1.0
896,qjwrnebksa,0.0,1,1.0
897,qlmadkjjdp,0.0,1,1.0
898,qlvacgucnm,0.0,1,1.0
899,qmuojetavs,0.0,1,1.0
900,qmwqnrhhyl,0.0,1,1.0
901,qohooxdwvh,0.0,1,1.0
902,qooxnxqqjb,0.0,1,1.0
903,qoyfkewpyh,0.0,1,1.0
904,qppnwoodzt,1.0,1,1.0
905,qskstyrigj,1.0,1,1.0
906,qslqrxndnh,1.0,1,1.0
907,qtudktftrc,1.0,1,1.0
908,quxxfzxyee,1.0,1,1.0
909,qybjhljexi,1.0,1,1.0
910,rdpumvchul,1.0,1,1.0
911,rfahyynkuf,1.0,1,1.0
912,rfakffjumr,0.0,1,1.0
913,rhmyhzfzdf,0.0,1,1.0
914,rihuwhgmen,0.0,1,1.0
915,rjgvucvdrq,0.0,1,1.0
916,rkqvvayfqu,0.0,1,1.0
917,rkqwwxjduw,0.0,1,1.0
918,rmvxwnuowq,0.0,1,1.0
919,rozrjmrmeo,0.0,1,1.0
920,rqchqlakmd,1.0,1,1.0
921,rrwgtachie,1.0,1,1.0
922,ruiifngphz,1.0,1,1.0
923,rwbdbdlbei,1.0,1,1.0
924,rxdoimqble,1.0,1,1.0
925,ryebdxmqaq,1.0,1,1.0
926,rzcxmxpdiu,1.0,1,1.0
927,saddkbymps,1.0,1,1.0
928,scpcdzexwo,0.0,1,1.0
929,sdcjjvsgiz,0.0,1,1.0
930,sdistqkqim,0.0,1,1.0
931,serwygnhiz,0.0,1,1.0
932,seumizxuis,0.0,1,1.0
933,sevxalfpiw,0.0,1,1.0
934,sewkrjtill,0.0,1,1.0
935,sfyjropdvy,0.0,1,1.0
936,shvaqyduzg,1.0,1,1.0
937,simdowaaid,1.0,1,1.0
938,sjpzztqkpq,1.0,1,1.0
939,sjvrkhnccp,1.0,1,1.0
940,smigbfmhew,1.0,1,1.0
941,smtqniwxoi,1.0,1,1.0
942,sorlojolvz,1.0,1,1.0
943,spgzovqysj,1.0,1,1.0
944,spzmqugvtn,0.0,1,1.0
945,spznzscvui,0.0,1,1.0
946,squknlkemc,0.0,1,1.0
947,sqxseogvrh,0.0,1,1.0
948,srfefmyjvt,0.0,1,1.0
949,svkgvesvdy,0.0,1,1.0
950,swqsphgsqj,0.0,1,1.0
951,sxekjjvfkh,0.0,1,1.0
952,tbhtlnrbut,1.0,1,1.0
953,tfbvbyliwh,1.0,1,1.0
954,tgbciglpoi,1.0,1,1.0
955,thfzywypts,1.0,1,1.0
956,tjbqbxpelz,1.0,1,1.0
957,tmabkyuunq,1.0,1,1.0
958,tomzpivjic,1.0,1,1.0
959,tpocmszkhh,1.0,1,1.0
960,tpztvhiiyt,0.0,1,1.0
961,ttxuegkaew,0.0,1,1.0
962,tvmhtenbmn,0.0,1,1.0
963,txljinhqzx,0.0,1,1.0
964,txtrbqitgt,0.0,1,1.0
965,tyvehspuil,0.0,1,1.0
966,uayzvvmhjr,0.0,1,1.0
967,ubarhvreoj,0.0,1,1.0
968,ubogmlusof,1.0,1,1.0
969,ubwwnofjvs,1.0,1,1.0
970,udhoamgxmx,1.0,1,1.0
971,udzcqwjwin,1.0,1,1.0
972,ueyvyjtycn,1.0,1,1.0
973,uffktidjaz,1.0,1,1.0
974,ufiwltnbqn,1.0,1,1.0
975,ugskjblnmu,1.0,1,1.0
976,uixmggnprp,0.0,1,1.0
977,ujyowwqpri,0.0,1,1.0
978,ukezkomunq,0.0,1,1.0
979,umrvsrftms,0.0,1,1.0
980,uoyklhrqav,0.0,1,1.0
981,upjdccuuzr,0.0,1,1.0
982,uufozqkfkf,0.0,1,1.0
983,uuqrzdhjuh,0.0,1,1.0
984,uvcxmvabgx,1.0,1,1.0
985,uvospoaill,1.0,1,1.0
986,uyaocjjsib,1.0,1,1.0
987,uyeiheygxk,1.0,1,1.0
988,uyfnfvsxez,1.0,1,1.0
989,uyrmllxmpe,1.0,1,1.0
990,uzlkfyluxj,1.0,1,1.0
991,vasbxjbiyl,1.0,1,1.0
992,vciejrdkgf,0.0,1,1.0
993,veyarkmtry,0.0,1,1.0
994,vipkguihza,0.0,1,1.0
995,viteugozpv,0.0,1,1.0
996,viywjijmrh,0.0,1,1.0
997,vizerpsvbz,0.0,1,1.0
998,vjekyrqcdq,0.0,1,1.0
999,vjsvdnnrck,0.0,1,1.0
1000,vmktcesfcg,1.0,1,1.0
1001,vnadaakkgk,1.0,1,1.0
1002,vnlzxqwthl,1.0,1,1.0
1003,vntbyeepdy,1.0,1,1.0
1004,vokrpfjpeb,1.0,1,1.0
1005,vppoqnrpzt,1.0,1,1.0
1006,vqonjzhnad,1.0,1,1.0
1007,vqtatkpbxi,1.0,1,1.0
1008,vwddtkosep,0.0,1,1.0
1009,vxtqcieswl,0.0,1,1.0
1010,wbegjrceqs,0.0,1,1.0
1011,wcyasjdpao,0.0,1,1.0
1012,weyftpcbbz,0.0,1,1.0
1013,wfzdajooqb,0.0,1,1.0
1014,wghdlvehhq,0.0,1,1.0
1015,wgklnmklxb,0.0,1,1.0
1016,wituahqcbz,1.0,1,1.0
1017,wiuyswqzep,1.0,1,1.0
1018,wjbonjacrq,1.0,1,1.0
1019,wjfjgybigt,1.0,1,1.0
1020,wkrivltdys,1.0,1,1.0
1021,wmatrirlng,1.0,1,1.0
1022,wolrzmfong,1.0,1,1.0
1023,woytzlcssm,1.0,1,1.0
1024,wqbzbxjndx,0.0,1,1.0
1025,wqtpgcfjlu,0.0,1,1.0
1026,wtanjtncth,0.0,1,1.0
1027,wtqrmqnqvf,0.0,1,1.0
1028,wucyoanghr,0.0,1,1.0
1029,wzdnvgackt,0.0,1,1.0
1030,wzkhjmezcs,0.0,1,1.0
1031,xbanyawouv,0.0,1,1.0
1032,xcfdidxani,1.0,1,1.0
1033,xchzardbfa,1.0,1,1.0
1034,xczagnysbr,1.0,1,1.0
1035,xdyuwpzbyz,1.0,1,1.0
1036,xemhvuvgrn,1.0,1,1.0
1037,xibxuyhmel,1.0,1,1.0
1038,xihmwcgijt,1.0,1,1.0
1039,xjzkfqddyk,1.0,1,1.0
1040,xkfliqnmwt,0.0,1,1.0
1041,xkkwljxxqy,0.0,1,1.0
1042,xkrrmawgaz,0.0,1,1.0
1043,xlgzsipnhf,0.0,1,1.0
1044,xncgusyghe,0.0,1,1.0
1045,xnojggkrxt,0.0,1,1.0
1046,xoocqckwwg,0.0,1,1.0
1047,xosbvurwon,0.0,1,1.0
1048,xppjhsqnnm,1.0,1,1.0
1049,xpunzwycxm,1.0,1,1.0
1050,xqhwinqcxd,1.0,1,1.0
1051,xrdopedqcu,1.0,1,1.0
1052,xrgbqhhgkf,1.0,1,1.0
1053,xsgmwwbeib,1.0,1,1.0
1054,xvrabiupoy,1.0,1,1.0
1055,xwfwyzzxhs,1.0,1,1.0
1056,xzayxilesu,0.0,1,1.0
1057,xzhlniwqng,0.0,1,1.0
1058,yaxrqafsok,0.0,1,1.0
1059,ybbrkacebd,0.0,1,1.0
1060,ybzbevfyom,0.0,1,1.0
1061,yflzmdpkab,0.0,1,1.0
1062,ygqzmkxuru,0.0,1,1.0
1063,yldkxfflqg,0.0,1,1.0
1064,ylxwcwhjjd,1.0,1,1.0
1065,ymlpfhxujl,1.0,1,1.0
1066,ymxibekbia,1.0,1,1.0
1067,ynvybzsdzq,1.0,1,1.0
1068,yrmbwlxunm,1.0,1,1.0
1069,ystdtnetgj,1.0,1,1.0
1070,yusjuhoblj,1.0,1,1.0
1071,ywxpquomgt,1.0,1,1.0
1072,yyaejjkbds,0.0,1,1.0
1073,yzasourxza,0.0,1,1.0
1074,zbjlhzzbbj,0.0,1,1.0
1075,zbrmezlilf,0.0,1,1.0
1076,zdbejgoqzy,0.0,1,1.0
1077,zdyckloybc,0.0,1,1.0
1078,zfbrjkugbd,0.0,1,1.0
1079,zfnrrxzfpw,0.0,1,1.0
1080,zfobicuigx,1.0,1,1.0
1081,zfrrixsimm,1.0,1,1.0
1082,zgvzuzkror,1.0,1,1.0
1083,zhrjrsloix,1.0,1,1.0
1084,ziqbazrfdk,1.0,1,1.0
1085,zjodgqdrpb,1.0,1,1.0
1086,zldzgyuxam,1.0,1,1.0
1087,zlsqiyjmvt,1.0,1,1.0
1088,zpbhqridkr,0.0,1,1.0
1089,ztdtnirdhh,0.0,1,1.0
1090,ztjfjnenpy,0.0,1,1.0
1091,zuwytlnmhp,0.0,1,1.0
1092,zveogsfnoz,1.0,1,1.0
1093,zvqgdjiotu,1.0,1,1.0
1094,zwaxouvabs,1.0,1,1.0
1095,zwhyceyddh,1.0,1,1.0
1096,zyizxcfaru,1.0,1,1.0
1097,zzgbsjvyqq,1.0,1,1.0
1098,zzhtdtgdur,1.0,1,1.0
1099,zzmgnglanj,1.0,1,1.0
